{
  "nodes": {
    "0": {
      "id": "0",
      "text": "buy coffee",
      "x": 0,
      "y": 0,
      "width": 14,
      "height": 3,
      "links": []
    }
  },
  "edges": [],
  "camera": {
    "x": 16.258447986353353,
    "y": 0.6111111111111112,
    "zoom": 1.4089640214528003
  }
}